seq	actor	idx	snap	kind	flips_true	flips_false	xfer_ids	delta	score_after	files
84	C	15	1	fix	['E01', 'E02', 'E03', 'E06', 'E07', 'E08', 'E09', 'E11', 'E13', 'E30', 'F16', 'F17', 'F18', 'F19', 'F20']	[]	['E01', 'E02', 'E03', 'E06', 'E07', 'E08', 'E09', 'E11', 'E13', 'E30', 'F16', 'F17', 'F18', 'F19', 'F20']	{'A': 0, 'B': 0, 'C': 19}	{'A': 0, 'B': 0, 'C': 19}	['engine.py', 'habitat.py', 'weather.py']
90	C	16	2	fix	['E04', 'E25', 'E26', 'E29']	[]	['E04', 'E25', 'E26', 'E29']	{'A': 0, 'B': 0, 'C': 8}	{'A': 0, 'B': 0, 'C': 27}	['engine.py', 'planning.py']
104	C	17	3	fix	['P02', 'P03', 'P04', 'P08', 'P10', 'P11']	[]	['P02', 'P03', 'P04', 'P08', 'P10', 'P11']	{'A': 0, 'B': 0, 'C': 6}	{'A': 0, 'B': 0, 'C': 33}	['model.py', 'state.py']
128	C	20	4	fix	['E14', 'E15', 'E16', 'E17', 'E18', 'E20', 'E21', 'E23', 'E24']	[]	['E14', 'E15', 'E16', 'E17', 'E18', 'E20', 'E21', 'E23', 'E24']	{'A': 0, 'B': 0, 'C': 9}	{'A': 0, 'B': 0, 'C': 42}	['gardening.py', 'nursery.py']
138	C	21	5	fix	['F10', 'F11', 'F12', 'F13', 'F14', 'F15']	[]	['F10', 'F11', 'F12', 'F13', 'F14', 'F15']	{'A': 0, 'B': 0, 'C': 6}	{'A': 0, 'B': 0, 'C': 48}	['notebook.py']
146	A	25	6	none	[]	[]	[]	{'A': 0, 'B': 0, 'C': 0}	{'A': 0, 'B': 0, 'C': 48}	['tests/_patch.py']
150	C	22	7	fix	['F02', 'F03', 'F04', 'F05', 'F09', 'P12']	[]	['F02', 'F03', 'F04', 'F05', 'F09', 'P12']	{'A': 0, 'B': 0, 'C': 6}	{'A': 0, 'B': 0, 'C': 54}	['analysis.py', 'commands.py']
154	B	28	8	fix	['V01', 'V02', 'V03', 'V04', 'X01']	[]	['V01', 'V02', 'V03', 'V04', 'X01']	{'A': 0, 'B': 25, 'C': 0}	{'A': 0, 'B': 25, 'C': 54}	['.mltools/p.py', 'campaigns.py', 'runtime.py']
156	A	27	9	fix	['F21', 'F22', 'F23', 'F25', 'F26', 'F27', 'F28', 'F31', 'F32', 'P13', 'P23']	[]	['F21', 'F22', 'F23', 'F25', 'F26', 'F27', 'F28', 'F31', 'F32', 'P12', 'P13', 'P23']	{'A': 12, 'B': 0, 'C': -1}	{'A': 12, 'B': 25, 'C': 53}	['charts.py', 'commands.py', 'exchange.py', 'experiments.py', 'render.py']
158	C	23	10	credit-only	[]	['F26']	['F27', 'F28']	{'A': -3, 'B': 0, 'C': 2}	{'A': 9, 'B': 25, 'C': 55}	['exchange.py']
161	A	28	11	none	[]	[]	[]	{'A': 0, 'B': 0, 'C': 0}	{'A': 9, 'B': 25, 'C': 55}	['tests/_oracle.py']
166	C	24	12	fix	['P14', 'P15', 'P16', 'P17', 'P18', 'P19', 'P20']	[]	['P14', 'P15', 'P16', 'P17', 'P18', 'P19', 'P20']	{'A': 0, 'B': 0, 'C': 7}	{'A': 9, 'B': 25, 'C': 62}	['server.py']
172	A	30	13	fix	['E27']	[]	['E25', 'E26', 'E27', 'E29']	{'A': 12, 'B': 0, 'C': -7}	{'A': 21, 'B': 25, 'C': 55}	['planning.py']
176	C	25	14	fix	['P21', 'P22']	[]	['P21', 'P22']	{'A': 0, 'B': 0, 'C': 2}	{'A': 21, 'B': 25, 'C': 57}	['__main__.py']
189	A	34	15	fix	['E05']	[]	['E01', 'E02', 'E03', 'E04', 'E05', 'E06', 'E07', 'E30']	{'A': 12, 'B': 0, 'C': -11}	{'A': 33, 'B': 25, 'C': 46}	['engine.py']
194	B	35	16	fix	['H01', 'H02', 'H03', 'H04', 'H05', 'X02']	[]	['H01', 'H02', 'H03', 'H04', 'H05', 'X02']	{'A': 0, 'B': 26, 'C': 0}	{'A': 33, 'B': 51, 'C': 46}	['history.py']
216	C	31	17	none	[]	[]	[]	{'A': 0, 'B': 0, 'C': 0}	{'A': 33, 'B': 51, 'C': 46}	['.golden_check.py']
231	B	41	18	fix	['L01', 'R01', 'R02', 'R03']	[]	['L01', 'R01', 'R02', 'R03']	{'A': 0, 'B': 16, 'C': 0}	{'A': 33, 'B': 67, 'C': 46}	['ensemble_compute.py', 'ensemble_reports.py', 'ensembles.py']
254	B	49	19	fix	['Q01', 'Q02']	[]	['Q01', 'Q02']	{'A': 0, 'B': 10, 'C': 0}	{'A': 33, 'B': 77, 'C': 46}	['studies.py']
261	C	34	20	fix	['P24', 'P26', 'P27', 'P28', 'P29', 'P30', 'P31', 'P32', 'P34']	[]	['P24', 'P26', 'P27', 'P28', 'P29', 'P30', 'P31', 'P32', 'P34']	{'A': 0, 'B': 0, 'C': 21}	{'A': 33, 'B': 77, 'C': 67}	['courier.py']
263	A	46	21	credit-only	[]	['P34']	['P24', 'P26', 'P27', 'P28', 'P29', 'P30', 'P31', 'P32']	{'A': 16, 'B': 0, 'C': -21}	{'A': 49, 'B': 77, 'C': 46}	['courier.py']
269	A	48	22	fix	['M01']	[]	['M01']	{'A': 1, 'B': 0, 'C': 0}	{'A': 50, 'B': 77, 'C': 46}	['save_merge.py']
275	A	50	23	fix	['X03']	[]	['X03']	{'A': 5, 'B': 0, 'C': 0}	{'A': 55, 'B': 77, 'C': 46}	['history_exchange.py']
285	B	52	24	credit-only	[]	[]	['P24', 'P26', 'P27', 'P28', 'P29', 'P30', 'P31', 'P32']	{'A': -16, 'B': 16, 'C': 0}	{'A': 39, 'B': 93, 'C': 46}	['courier.py']
288	C	40	25	fix	['P07']	[]	['P07']	{'A': 0, 'B': 0, 'C': 1}	{'A': 39, 'B': 93, 'C': 47}	['state.py']
292	A	52	26	fix	['N01', 'N02']	[]	['N01', 'N02']	{'A': 10, 'B': 0, 'C': 0}	{'A': 49, 'B': 93, 'C': 47}	['field_calibration.py', 'workspace_catalog.py']
299	B	55	27	fix	['P34']	[]	['P34']	{'A': 0, 'B': 5, 'C': 0}	{'A': 49, 'B': 98, 'C': 47}	['courier.py']
300	A	54	28	fix	['I01', 'I02']	[]	['I01', 'I02']	{'A': 30, 'B': 0, 'C': 0}	{'A': 79, 'B': 98, 'C': 47}	['irrigation.py', 'irrigation_flow.py']
304	B	56	29	none	[]	[]	[]	{'A': 0, 'B': 0, 'C': 0}	{'A': 79, 'B': 98, 'C': 47}	['.mltools/courier_fuzz.py']
357	C	49	30	fix	['F26']	[]	['F26']	{'A': 0, 'B': 0, 'C': 1}	{'A': 79, 'B': 98, 'C': 48}	['exchange.py']
362	B	63	31	none	[]	[]	[]	{'A': 0, 'B': 0, 'C': 0}	{'A': 79, 'B': 98, 'C': 48}	['.mltools/hx_test.py']
381	B	65	32	credit-only	[]	[]	['N01']	{'A': -5, 'B': 5, 'C': 0}	{'A': 74, 'B': 103, 'C': 48}	['field_calibration.py']
383	A	72	33	none	[]	[]	[]	{'A': 0, 'B': 0, 'C': 0}	{'A': 74, 'B': 103, 'C': 48}	['tests/_probe.py']
392	A	74	34	fix	['P01']	[]	['P01', 'P02', 'P03', 'P04']	{'A': 4, 'B': 0, 'C': -3}	{'A': 78, 'B': 103, 'C': 45}	['model.py']
400	A	75	35	none	[]	[]	[]	{'A': 0, 'B': 0, 'C': 0}	{'A': 78, 'B': 103, 'C': 45}	['tests/_probe2.py']
486	A	85	36	none	[]	[]	[]	{'A': 0, 'B': 0, 'C': 0}	{'A': 78, 'B': 103, 'C': 45}	['tests/_hx.py']
515	A	91	37	none	[]	[]	[]	{'A': 0, 'B': 0, 'C': 0}	{'A': 78, 'B': 103, 'C': 45}	['tests/_hx2.py']
519	C	81	38	fix	['F07']	[]	['F07']	{'A': 0, 'B': 0, 'C': 1}	{'A': 78, 'B': 103, 'C': 46}	['analysis.py']
522	B	88	39	credit-only	[]	[]	['N02']	{'A': -5, 'B': 5, 'C': 0}	{'A': 73, 'B': 108, 'C': 46}	['workspace_catalog.py']
523	A	92	40	none	[]	[]	[]	{'A': 0, 'B': 0, 'C': 0}	{'A': 73, 'B': 108, 'C': 46}	['history_exchange.py']
532	A	93	41	none	[]	[]	[]	{'A': 0, 'B': 0, 'C': 0}	{'A': 73, 'B': 108, 'C': 46}	['tests/_hx3.py']
568	A	97	42	none	[]	[]	[]	{'A': 0, 'B': 0, 'C': 0}	{'A': 73, 'B': 108, 'C': 46}	['tests/_hist.py']
580	B	102	43	none	[]	[]	[]	{'A': 0, 'B': 0, 'C': 0}	{'A': 73, 'B': 108, 'C': 46}	['.mltools/courier_fuzz2.py']
588	C	91	44	fix	['P09']	[]	['P09']	{'A': 0, 'B': 0, 'C': 1}	{'A': 73, 'B': 108, 'C': 47}	['state.py']
589	B	103	45	none	[]	[]	[]	{'A': 0, 'B': 0, 'C': 0}	{'A': 73, 'B': 108, 'C': 47}	['.mltools/ens_fuzz.py']
595	B	104	46	none	[]	[]	[]	{'A': 0, 'B': 0, 'C': 0}	{'A': 73, 'B': 108, 'C': 47}	['.mltools/ens_fuzz.py']
601	B	105	47	none	[]	[]	[]	{'A': 0, 'B': 0, 'C': 0}	{'A': 73, 'B': 108, 'C': 47}	['.mltools/study_fuzz.py']
608	B	106	48	none	[]	[]	[]	{'A': 0, 'B': 0, 'C': 0}	{'A': 73, 'B': 108, 'C': 47}	['.mltools/behav.py']
623	B	108	49	regress	[]	['H01', 'H03', 'H04', 'X02']	[]	{'A': 0, 'B': -20, 'C': 0}	{'A': 73, 'B': 88, 'C': 47}	['history.py']
628	B	109	50	none	[]	[]	[]	{'A': 0, 'B': 0, 'C': 0}	{'A': 73, 'B': 88, 'C': 47}	['history.py']
629	A	109	51	fix	['P05']	[]	['P05']	{'A': 1, 'B': 0, 'C': 0}	{'A': 74, 'B': 88, 'C': 47}	['model.py']
645	C	100	52	none	[]	[]	[]	{'A': 0, 'B': 0, 'C': 0}	{'A': 74, 'B': 88, 'C': 47}	['.golden_check.py']
678	A	115	53	none	[]	[]	[]	{'A': 0, 'B': 0, 'C': 0}	{'A': 74, 'B': 88, 'C': 47}	['tests/_courier_fuzz.py']
685	A	116	54	none	[]	[]	[]	{'A': 0, 'B': 0, 'C': 0}	{'A': 74, 'B': 88, 'C': 47}	['tests/_sm_fuzz.py']
688	A	117	55	none	[]	[]	[]	{'A': 0, 'B': 0, 'C': 0}	{'A': 74, 'B': 88, 'C': 47}	['tests/_sm_fuzz.py']
690	B	121	56	credit-only	[]	[]	['P01', 'P02', 'P03', 'P04', 'P05']	{'A': -5, 'B': 5, 'C': 0}	{'A': 69, 'B': 93, 'C': 47}	['model.py']
692	A	118	57	none	[]	[]	[]	{'A': 0, 'B': 0, 'C': 0}	{'A': 69, 'B': 93, 'C': 47}	['tests/_sm_fuzz.py']
712	A	125	58	none	[]	[]	[]	{'A': 0, 'B': 0, 'C': 0}	{'A': 69, 'B': 93, 'C': 47}	['tests/_cmd_fuzz.py']
722	A	127	59	none	[]	[]	[]	{'A': 0, 'B': 0, 'C': 0}	{'A': 69, 'B': 93, 'C': 47}	['engine.py']
728	A	129	60	fix	['F08']	[]	['F02', 'F03', 'F04', 'F05', 'F07', 'F08', 'F09']	{'A': 7, 'B': 0, 'C': -6}	{'A': 76, 'B': 93, 'C': 41}	['analysis.py']
734	A	131	61	credit-only	[]	[]	['P24', 'P26', 'P27', 'P28', 'P29', 'P30', 'P31', 'P32', 'P34']	{'A': 21, 'B': -21, 'C': 0}	{'A': 97, 'B': 72, 'C': 41}	['courier.py']
744	B	132	62	fix	['E19']	[]	['E14', 'E15', 'E16', 'E17', 'E18', 'E19', 'E20']	{'A': 0, 'B': 7, 'C': -6}	{'A': 97, 'B': 79, 'C': 35}	['gardening.py']
746	A	134	63	credit-only	[]	[]	['F16', 'F17', 'F18', 'F19', 'F20', 'N01', 'P14', 'P15', 'P16', 'P17', 'P18', 'P19', 'P20', 'Q01', 'Q02', 'V01', 'V02', 'V03', 'V04']	{'A': 47, 'B': -35, 'C': -12}	{'A': 144, 'B': 44, 'C': 23}	['campaigns.py', 'field_calibration.py', 'planning.py', 'server.py', 'studies.py', 'weather.py']
758	B	137	64	credit-only	[]	[]	['N01']	{'A': -5, 'B': 5, 'C': 0}	{'A': 139, 'B': 49, 'C': 23}	['field_calibration.py']
760	A	136	65	credit-only	[]	[]	['F10', 'F11', 'F12', 'F13', 'F14', 'F15']	{'A': 6, 'B': 0, 'C': -6}	{'A': 145, 'B': 49, 'C': 17}	['notebook.py']
768	B	140	66	none	[]	[]	[]	{'A': 0, 'B': 0, 'C': 0}	{'A': 145, 'B': 49, 'C': 17}	['.mltools/behav.py', '.mltools/courier_fuzz.py', '.mltools/courier_fuzz2.py', '.mltools/ens_fuzz.py', '.mltools/hx_test.py', '.mltools/p.py', '.mltools/study_fuzz.py']
776	A	139	67	credit-only	[]	[]	['F26', 'F27', 'F28', 'H02', 'H05', 'L01', 'N02', 'R02']	{'A': 24, 'B': -21, 'C': -3}	{'A': 169, 'B': 28, 'C': 14}	['ensembles.py', 'exchange.py', 'history.py', 'history_exchange.py', 'workspace_catalog.py']
780	B	144	68	credit-only	[]	[]	['H02', 'H05', 'I02', 'L01', 'P24', 'P26', 'P27', 'P28', 'P29', 'P30', 'P31', 'P32', 'P34', 'Q01', 'Q02', 'R02', 'V01', 'V02', 'V03', 'V04', 'X03']	{'A': -92, 'B': 92, 'C': 0}	{'A': 77, 'B': 120, 'C': 14}	['campaigns.py', 'courier.py', 'ensembles.py', 'history.py', 'history_exchange.py', 'irrigation.py', 'studies.py']
782	A	140	69	fix	['E22']	[]	['E21', 'E22', 'E23', 'E24']	{'A': 4, 'B': 0, 'C': -3}	{'A': 81, 'B': 120, 'C': 11}	['nursery.py']
802	A	145	70	credit-only	[]	[]	['E14', 'E15', 'E16', 'E17', 'E18', 'E19', 'E20', 'H02', 'H05', 'I02', 'L01', 'N01', 'P24', 'P26', 'P27', 'P28', 'P29', 'P30', 'P31', 'P32', 'P34', 'Q01', 'Q02', 'R02', 'V01', 'V02', 'V03', 'V04', 'X03']	{'A': 104, 'B': -104, 'C': 0}	{'A': 185, 'B': 16, 'C': 11}	['campaigns.py', 'courier.py', 'ensembles.py', 'field_calibration.py', 'gardening.py', 'history.py', 'history_exchange.py', 'irrigation.py', 'studies.py']
804	A	146	71	none	[]	[]	[]	{'A': 0, 'B': 0, 'C': 0}	{'A': 185, 'B': 16, 'C': 11}	['history_exchange.py']
808	A	148	72	credit-only	[]	[]	['P01', 'P02', 'P03', 'P04', 'P05']	{'A': 5, 'B': -5, 'C': 0}	{'A': 190, 'B': 11, 'C': 11}	['model.py', 'tests/_cmd_fuzz.py', 'tests/_courier_fuzz.py', 'tests/_hist.py', 'tests/_hx.py', 'tests/_hx2.py', 'tests/_hx3.py', 'tests/_oracle.py', 'tests/_patch.py', 'tests/_probe.py', 'tests/_probe2.py', 'tests/_sm_fuzz.py']
