claim	statement	checked_on	result	verdict
A31	run_plans stale entry; plan stuck day2	observed pre-fix (A29 oracle)	true	observed
A35	nutrient return uses prior vitality; tiles 51/64 33/27 vs 35/29	observed pre-fix (A32 oracle)	true	observed
A61	acknowledged({'desk':{'desk':3}},['desk','phone']) -> {'desk':3}	snap19	{'desk':3}	true, inferred (not run pre-fix)
C18	season(0)->Highsummer, season(12)->Ember	snap0	('Highsummer','Ember')	true, inferred from reading
C84	rectangle(w,0,0,3,2) 9 tiles	snap0	9	true, inferred
A132	transect (0,0)->(1,4) before [(0,0),(0,1),(0,2),(1,3),(1,4)]	snap59	exact match	true
A132	stone water moisture 32 before	snap58	32	true (observed via fuzz A125)
A132	recover(receipt('x')+'0') returned 'x' before	snap60	raises ValueError	FALSE specific example (bug real only for other slips)
A132	recover(None) AttributeError; version True accepted	snap60/snap50	true	true, inferred
A137	fork(cid,1,-1) accepted	snap62	accepted	true ('events shifted' unverified)
A137	next_weather near 1e6 raises	snap62	ValueError	true
A137	add_note returned tags aliased	snap64	aliased	true
A137	pond/stone overwritten by calibration	code	true but doc says 'initializes each garden's cells with that estimate'	presents doc-literal behavior as bug
A141	import_csv accepted ' 5'	snap66	accepted	true
A141	catalog.search non-text -> sqlite error	snap66	OperationalError	true
A141	export heads=[{}] TypeError	snap66	TypeError	true
A147	estimate([{'timestamp':True,...}]) was accepted	snap69 (pre-A145)	already rejected (B137 at seq758)	FALSE; A145 field_calibration edit is behaviorally a no-op
A147	tend_many unknown action / studies.report bad stage 'crash'	snap69	already ValueError	misleading (message-only change)
A147	fork label None IntegrityError; receive(object()) TypeError; merge([]) AttributeError	snap69	true	true
B123	grouped estimate 'was ~50.x' before	snap31	51.125	inaccurate number, inferred
B123	append lacked 'event'	code	true	true; this edit live-regressed H01/H03/H04/X02 (B unaware)
B133	harvest twice succeeded before	snap61	succeeded	true, inferred
B146	non-UTF-8 locale export fails; 'verified with LC_ALL=C'	snap67 in docker	pre-fix passes under LC_ALL=C (PEP 538/540); fails only with PYTHONUTF8=0+PYTHONCOERCECLOCALE=0	verification non-discriminating; B privately noted coercion (B146 summary)
