seq	action	snap	indep_flips_true	indep_flips_false	indep_points_actual	live_points
84	C15	1	F19,F16,E01,E02,E09,F20,E06,F17,E30,F18,E11,E07,E03,E08,E13		{'A': 0, 'B': 0, 'C': 19}	{'A': 0, 'B': 0, 'C': 19}
90	C16	2	E04,E26,E29,E25		{'A': 0, 'B': 0, 'C': 27}	{'A': 0, 'B': 0, 'C': 27}
104	C17	3	P10,P04,P03,P11,P08,P02		{'A': 0, 'B': 0, 'C': 33}	{'A': 0, 'B': 0, 'C': 33}
128	C20	4	E24,E18,E14,E15,E23,E20,E17,E16,E21		{'A': 0, 'B': 0, 'C': 42}	{'A': 0, 'B': 0, 'C': 42}
138	C21	5	F12,F14,F13,F11,F15,F10		{'A': 0, 'B': 0, 'C': 48}	{'A': 0, 'B': 0, 'C': 48}
146	A25	6			{'A': 0, 'B': 0, 'C': 48}	{'A': 0, 'B': 0, 'C': 48}
150	C22	7	P12,F02,F04,F05,F09,F03		{'A': 0, 'B': 0, 'C': 54}	{'A': 0, 'B': 0, 'C': 54}
154	B28	8	X01,V01,V03,V04,V02		{'A': 0, 'B': 25, 'C': 54}	{'A': 0, 'B': 25, 'C': 54}
156	A27	9	P23,F31,P13,F26,F23,F25,F22,F32,F27,F28,F21		{'A': 12, 'B': 25, 'C': 53}	{'A': 12, 'B': 25, 'C': 53}
158	C23	10		F26	{'A': 9, 'B': 25, 'C': 55}	{'A': 9, 'B': 25, 'C': 55}
161	A28	11			{'A': 9, 'B': 25, 'C': 55}	{'A': 9, 'B': 25, 'C': 55}
166	C24	12	P15,P17,P14,P19,P20,P16,P18		{'A': 9, 'B': 25, 'C': 62}	{'A': 9, 'B': 25, 'C': 62}
172	A30	13	E27		{'A': 21, 'B': 25, 'C': 55}	{'A': 21, 'B': 25, 'C': 55}
176	C25	14	P22,P21		{'A': 21, 'B': 25, 'C': 57}	{'A': 21, 'B': 25, 'C': 57}
189	A34	15	E05		{'A': 33, 'B': 25, 'C': 46}	{'A': 33, 'B': 25, 'C': 46}
194	B35	16	H04,X02,H01,H02,H05,H03		{'A': 33, 'B': 51, 'C': 46}	{'A': 33, 'B': 51, 'C': 46}
216	C31	17			{'A': 33, 'B': 51, 'C': 46}	{'A': 33, 'B': 51, 'C': 46}
231	B41	18	L01,R03,R01,R02		{'A': 33, 'B': 67, 'C': 46}	{'A': 33, 'B': 67, 'C': 46}
254	B49	19	Q02,Q01		{'A': 33, 'B': 77, 'C': 46}	{'A': 33, 'B': 77, 'C': 46}
261	C34	20	P27,P31,P24,P28,P32,P29,P26,P30,P34		{'A': 33, 'B': 77, 'C': 67}	{'A': 33, 'B': 77, 'C': 67}
263	A46	21		P34	{'A': 49, 'B': 77, 'C': 46}	{'A': 49, 'B': 77, 'C': 46}
269	A48	22	M01		{'A': 50, 'B': 77, 'C': 46}	{'A': 50, 'B': 77, 'C': 46}
275	A50	23	X03		{'A': 55, 'B': 77, 'C': 46}	{'A': 55, 'B': 77, 'C': 46}
285	B52	24			{'A': 39, 'B': 93, 'C': 46}	{'A': 39, 'B': 93, 'C': 46}
288	C40	25	P07		{'A': 39, 'B': 93, 'C': 47}	{'A': 39, 'B': 93, 'C': 47}
292	A52	26	N01,N02		{'A': 49, 'B': 93, 'C': 47}	{'A': 49, 'B': 93, 'C': 47}
299	B55	27	P34		{'A': 49, 'B': 98, 'C': 47}	{'A': 49, 'B': 98, 'C': 47}
300	A54	28	I01,I02		{'A': 79, 'B': 98, 'C': 47}	{'A': 79, 'B': 98, 'C': 47}
304	B56	29			{'A': 79, 'B': 98, 'C': 47}	{'A': 79, 'B': 98, 'C': 47}
357	C49	30	F26		{'A': 79, 'B': 98, 'C': 48}	{'A': 79, 'B': 98, 'C': 48}
362	B63	31			{'A': 79, 'B': 98, 'C': 48}	{'A': 79, 'B': 98, 'C': 48}
381	B65	32			{'A': 74, 'B': 103, 'C': 48}	{'A': 74, 'B': 103, 'C': 48}
383	A72	33			{'A': 74, 'B': 103, 'C': 48}	{'A': 74, 'B': 103, 'C': 48}
392	A74	34	P01		{'A': 78, 'B': 103, 'C': 45}	{'A': 78, 'B': 103, 'C': 45}
400	A75	35			{'A': 78, 'B': 103, 'C': 45}	{'A': 78, 'B': 103, 'C': 45}
486	A85	36			{'A': 78, 'B': 103, 'C': 45}	{'A': 78, 'B': 103, 'C': 45}
515	A91	37			{'A': 78, 'B': 103, 'C': 45}	{'A': 78, 'B': 103, 'C': 45}
519	C81	38	F07		{'A': 78, 'B': 103, 'C': 46}	{'A': 78, 'B': 103, 'C': 46}
522	B88	39			{'A': 73, 'B': 108, 'C': 46}	{'A': 73, 'B': 108, 'C': 46}
523	A92	40			{'A': 73, 'B': 108, 'C': 46}	{'A': 73, 'B': 108, 'C': 46}
532	A93	41			{'A': 73, 'B': 108, 'C': 46}	{'A': 73, 'B': 108, 'C': 46}
568	A97	42			{'A': 73, 'B': 108, 'C': 46}	{'A': 73, 'B': 108, 'C': 46}
580	B102	43			{'A': 73, 'B': 108, 'C': 46}	{'A': 73, 'B': 108, 'C': 46}
588	C91	44	P09		{'A': 73, 'B': 108, 'C': 47}	{'A': 73, 'B': 108, 'C': 47}
589	B103	45			{'A': 73, 'B': 108, 'C': 47}	{'A': 73, 'B': 108, 'C': 47}
595	B104	46			{'A': 73, 'B': 108, 'C': 47}	{'A': 73, 'B': 108, 'C': 47}
601	B105	47			{'A': 73, 'B': 108, 'C': 47}	{'A': 73, 'B': 108, 'C': 47}
608	B106	48			{'A': 73, 'B': 108, 'C': 47}	{'A': 73, 'B': 108, 'C': 47}
623	B108	49			{'A': 73, 'B': 108, 'C': 47}	{'A': 73, 'B': 88, 'C': 47}
628	B109	50			{'A': 73, 'B': 108, 'C': 47}	{'A': 73, 'B': 88, 'C': 47}
629	A109	51	P05		{'A': 74, 'B': 108, 'C': 47}	{'A': 74, 'B': 88, 'C': 47}
645	C100	52			{'A': 74, 'B': 108, 'C': 47}	{'A': 74, 'B': 88, 'C': 47}
678	A115	53			{'A': 74, 'B': 108, 'C': 47}	{'A': 74, 'B': 88, 'C': 47}
685	A116	54			{'A': 74, 'B': 108, 'C': 47}	{'A': 74, 'B': 88, 'C': 47}
688	A117	55			{'A': 74, 'B': 108, 'C': 47}	{'A': 74, 'B': 88, 'C': 47}
690	B121	56			{'A': 69, 'B': 113, 'C': 47}	{'A': 69, 'B': 93, 'C': 47}
692	A118	57			{'A': 69, 'B': 113, 'C': 47}	{'A': 69, 'B': 93, 'C': 47}
712	A125	58			{'A': 69, 'B': 113, 'C': 47}	{'A': 69, 'B': 93, 'C': 47}
722	A127	59			{'A': 69, 'B': 113, 'C': 47}	{'A': 69, 'B': 93, 'C': 47}
728	A129	60	F08		{'A': 76, 'B': 113, 'C': 41}	{'A': 76, 'B': 93, 'C': 41}
734	A131	61			{'A': 97, 'B': 92, 'C': 41}	{'A': 97, 'B': 72, 'C': 41}
744	B132	62	E19		{'A': 97, 'B': 99, 'C': 35}	{'A': 97, 'B': 79, 'C': 35}
746	A134	63			{'A': 144, 'B': 64, 'C': 23}	{'A': 144, 'B': 44, 'C': 23}
758	B137	64			{'A': 139, 'B': 69, 'C': 23}	{'A': 139, 'B': 49, 'C': 23}
760	A136	65			{'A': 145, 'B': 69, 'C': 17}	{'A': 145, 'B': 49, 'C': 17}
768	B140	66			{'A': 145, 'B': 69, 'C': 17}	{'A': 145, 'B': 49, 'C': 17}
776	A139	67			{'A': 189, 'B': 28, 'C': 14}	{'A': 169, 'B': 28, 'C': 14}
780	B144	68			{'A': 77, 'B': 140, 'C': 14}	{'A': 77, 'B': 120, 'C': 14}
782	A140	69	E22		{'A': 81, 'B': 140, 'C': 11}	{'A': 81, 'B': 120, 'C': 11}
802	A145	70			{'A': 205, 'B': 16, 'C': 11}	{'A': 185, 'B': 16, 'C': 11}
804	A146	71			{'A': 205, 'B': 16, 'C': 11}	{'A': 185, 'B': 16, 'C': 11}
808	A148	72			{'A': 210, 'B': 11, 'C': 11}	{'A': 190, 'B': 11, 'C': 11}
